{
    "XMLRPC": {
        "1": {
            "2": 31.175233602523804,
            "3": 31.21656107902527,
            "6": 31.3452889919281
        },
        "2": {
            "2": 31.066993236541748,
            "3": 31.141724348068237,
            "6": 31.307177543640137
        },
        "3": {
            "2": 31.11167860031128,
            "3": 31.16878032684326,
            "6": 31.358499765396118
        }
    },
    "PYRO": {
        "1": {
            "2": 0.4018394947052002,
            "3": 0.5098276138305664,
            "6": 0.6220428943634033
        },
        "2": {
            "2": 0.41315126419067383,
            "3": 0.4746403694152832,
            "6": 0.6550569534301758
        },
        "3": {
            "2": 0.4062952995300293,
            "3": 0.5094234943389893,
            "6": 0.6344039440155029
        }
    }
}