{
    "XMLRPC": {
        "1": {
            "5": {
                "rate": 2.4421036152857805,
                "speedup": 1.0
            }
        },
        "2": {
            "5": {
                "rate": 2.4416144636207853,
                "speedup": 0.9998
            }
        },
        "3": {
            "5": {
                "rate": 2.441533005403414,
                "speedup": 0.99977
            }
        }
    },
    "PYRO": {
        "1": {
            "5": {
                "rate": 1824.3436168037986,
                "speedup": 1.0
            }
        },
        "2": {
            "5": {
                "rate": 2180.60196913696,
                "speedup": 1.19528
            }
        },
        "3": {
            "5": {
                "rate": 2198.998667343391,
                "speedup": 1.20536
            }
        }
    }
}