{
    "XMLRPC": {
        "1": {
            "5": {
                "rate": 2.4415210941467174,
                "speedup": 1.0
            }
        },
        "2": {
            "5": {
                "rate": 2.4416105618784285,
                "speedup": 1.00004
            }
        },
        "3": {
            "5": {
                "rate": 2.4417258387574337,
                "speedup": 1.00008
            }
        }
    },
    "PYRO": {
        "1": {
            "5": {
                "rate": 925.9055952191663,
                "speedup": 1.0
            }
        },
        "2": {
            "5": {
                "rate": 1197.2213359095267,
                "speedup": 1.29303
            }
        },
        "3": {
            "5": {
                "rate": 1279.6691325030536,
                "speedup": 1.38207
            }
        }
    }
}