{
    "XMLRPC": {
        "1": {
            "5": {
                "rate": 2.441960267833209,
                "speedup": 1.0
            }
        },
        "2": {
            "5": {
                "rate": 2.445024779208748,
                "speedup": 1.00125
            }
        },
        "3": {
            "5": {
                "rate": 2.444688144387017,
                "speedup": 1.00112
            }
        }
    },
    "PYRO": {
        "1": {
            "5": {
                "rate": 2489.6367832805263,
                "speedup": 1.0
            }
        },
        "2": {
            "5": {
                "rate": 3116.395946539179,
                "speedup": 1.25175
            }
        },
        "3": {
            "5": {
                "rate": 2922.5328660487057,
                "speedup": 1.17388
            }
        }
    }
}