{
    "XMLRPC": {
        "1": {
            "5": {
                "rate": 2.4311174826354627,
                "speedup": 1.0
            }
        },
        "2": {
            "5": {
                "rate": 2.445091117800018,
                "speedup": 1.00575
            }
        },
        "3": {
            "5": {
                "rate": 2.4494064914961213,
                "speedup": 1.00752
            }
        }
    },
    "PYRO": {
        "1": {
            "5": {
                "rate": 1769.6063970127761,
                "speedup": 1.0
            }
        },
        "2": {
            "5": {
                "rate": 2224.691992334046,
                "speedup": 1.25717
            }
        },
        "3": {
            "5": {
                "rate": 2357.582246730572,
                "speedup": 1.33226
            }
        }
    }
}