{
    "XMLRPC": {
        "1": {
            "1": {
                "time": 30.727505922317505
            },
            "2": {
                "time": 30.74166178703308,
                "speedup": 0.99954
            },
            "3": {
                "time": 30.748284101486206,
                "speedup": 0.99932
            },
            "6": {
                "time": 30.73741054534912,
                "speedup": 0.99968
            }
        },
        "2": {
            "1": {
                "time": 30.781769275665283
            },
            "2": {
                "time": 30.718135833740234,
                "speedup": 1.00031
            },
            "3": {
                "time": 30.755754947662354,
                "speedup": 0.99908
            },
            "6": {
                "time": 30.710896730422974,
                "speedup": 1.00054
            }
        },
        "3": {
            "1": {
                "time": 30.711034297943115
            },
            "2": {
                "time": 30.761087656021118,
                "speedup": 0.99891
            },
            "3": {
                "time": 30.731005668640137,
                "speedup": 0.99989
            },
            "6": {
                "time": 30.675979614257812,
                "speedup": 1.00168
            }
        }
    },
    "PYRO": {
        "1": {
            "1": {
                "time": 0.03736472129821777
            },
            "2": {
                "time": 0.050839900970458984,
                "speedup": 0.73495
            },
            "3": {
                "time": 0.05479741096496582,
                "speedup": 0.68187
            },
            "6": {
                "time": 0.07620859146118164,
                "speedup": 0.4903
            }
        },
        "2": {
            "1": {
                "time": 0.032169342041015625
            },
            "2": {
                "time": 0.04689979553222656,
                "speedup": 0.79669
            },
            "3": {
                "time": 0.04514765739440918,
                "speedup": 0.82761
            },
            "6": {
                "time": 0.062042236328125,
                "speedup": 0.60225
            }
        },
        "3": {
            "1": {
                "time": 0.03198862075805664
            },
            "2": {
                "time": 0.03354978561401367,
                "speedup": 1.11371
            },
            "3": {
                "time": 0.047324180603027344,
                "speedup": 0.78955
            },
            "6": {
                "time": 0.044997453689575195,
                "speedup": 0.83037
            }
        }
    }
}