{
    "XMLRPC": {
        "1": {
            "2": 39.14173197746277,
            "3": 39.173240661621094,
            "6": 39.358713150024414
        },
        "2": {
            "2": 39.056581258773804,
            "3": 39.258033990859985,
            "6": 39.41012191772461
        },
        "3": {
            "2": 39.120600938797,
            "3": 39.15591597557068,
            "6": 39.34710669517517
        }
    },
    "PYRO": {
        "1": {
            "2": 15.54132866859436,
            "3": 15.469444274902344,
            "6": 15.648845434188843
        },
        "2": {
            "2": 15.37152624130249,
            "3": 15.450724840164185,
            "6": 15.659290790557861
        },
        "3": {
            "2": 15.353299617767334,
            "3": 15.453862190246582,
            "6": 15.643956661224365
        }
    }
}