{
    "XMLRPC": {
        "1": {
            "2": 39.12167978286743,
            "3": 39.24565029144287,
            "6": 39.34530472755432
        },
        "2": {
            "2": 39.11254000663757,
            "3": 39.23563265800476,
            "6": 39.340277910232544
        },
        "3": {
            "2": 39.13558864593506,
            "3": 39.22110652923584,
            "6": 39.42082500457764
        }
    },
    "PYRO": {
        "1": {
            "2": 15.399018287658691,
            "3": 15.51718783378601,
            "6": 15.676435947418213
        },
        "2": {
            "2": 15.434229612350464,
            "3": 15.471889972686768,
            "6": 15.730387449264526
        },
        "3": {
            "2": 15.352235794067383,
            "3": 15.446532487869263,
            "6": 15.647738456726074
        }
    }
}