{
    "XMLRPC": {
        "1": {
            "5": {
                "rate": 2.4437810031797267,
                "speedup": 1.0
            }
        },
        "2": {
            "5": {
                "rate": 2.444206458508707,
                "speedup": 1.00017
            }
        },
        "3": {
            "5": {
                "rate": 2.4435965772841044,
                "speedup": 0.99992
            }
        }
    },
    "PYRO": {
        "1": {
            "5": {
                "rate": 2436.031202725717,
                "speedup": 1.0
            }
        },
        "2": {
            "5": {
                "rate": 2857.085116864702,
                "speedup": 1.17284
            }
        },
        "3": {
            "5": {
                "rate": 3063.431161233132,
                "speedup": 1.25755
            }
        }
    }
}