{
    "XMLRPC": {
        "1": {
            "5": {
                "rate": 2.448715206497077,
                "speedup": 1.0
            }
        },
        "2": {
            "5": {
                "rate": 2.451379954379185,
                "speedup": 1.00109
            }
        },
        "3": {
            "5": {
                "rate": 2.4518424715298286,
                "speedup": 1.00128
            }
        }
    },
    "PYRO": {
        "1": {
            "5": {
                "rate": 1621.6190558859635,
                "speedup": 1.0
            }
        },
        "2": {
            "5": {
                "rate": 1827.393502216663,
                "speedup": 1.12689
            }
        },
        "3": {
            "5": {
                "rate": 1974.8606727538138,
                "speedup": 1.21783
            }
        }
    }
}