{
    "XMLRPC": {
        "1": {
            "5": {
                "rate": 2.4516835465536397,
                "speedup": 1.0
            }
        },
        "2": {
            "5": {
                "rate": 2.4532154122195555,
                "speedup": 1.00062
            }
        },
        "3": {
            "5": {
                "rate": 2.454338554575622,
                "speedup": 1.00108
            }
        }
    },
    "PYRO": {
        "1": {
            "5": {
                "rate": 2742.52490416486,
                "speedup": 1.0
            }
        },
        "2": {
            "5": {
                "rate": 3412.6765042785314,
                "speedup": 1.24436
            }
        },
        "3": {
            "5": {
                "rate": 2868.999305372132,
                "speedup": 1.04612
            }
        }
    }
}