{"XMLRPC": {"1": {"10": 7.418336629867554, "20": 7.525221586227417}, "2": {"10": 6.879315376281738, "20": 7.53136682510376}, "3": {"10": 6.896620273590088, "20": 7.52688193321228}}, "PYRO": {"1": {"10": 0.8060564994812012, "20": 1.508970022201538}, "2": {"10": 0.696002721786499, "20": 1.3872160911560059}, "3": {"10": 0.771773099899292, "20": 1.5667212009429932}}, "RabbitMQ": {"1": {"10": 0.7612876892089844, "20": 1.5432872772216797}, "2": {"10": 0.7023255825042725, "20": 1.5217039585113525}, "3": {"10": 0.7553257942199707, "20": 1.5532581806182861}}, "Redis": {"1": {"10": 0.7451033592224121, "20": 1.4635417461395264}, "2": {"10": 0.7748560905456543, "20": 1.683312177658081}, "3": {"10": 0.8716244697570801, "20": 1.533975601196289}}}